state_po,pvi_1978,pvi_1982,pvi_1986,pvi_1990,pvi_1994,pvi_1998,pvi_2002,pvi_2006,pvi_2010,pvi_2014,pvi_2018,pvi_2022
AL,29.2,30.6,11.6,30.6,8.1,-7.3,-9.0,-18.5,-30.0,-28.8,-25.4,-46.2
WY,-26.2,-54.2,-49.0,-16.9,-4.2,-17.2,-18.5,-7.9,-41.2,-42.7,-43.7,-44.1
LA,-8.7,38.0,37.5,93.3,22.7,40.0,-21.2,-37.8,-29.7,-36.3,-27.8,-38.4
AR,-42.1,-7.3,8.0,4.3,3.3,-28.4,22.6,12.3,-8.4,-26.2,-35.4,-34.3
ID,-26.2,-17.9,-22.1,9.7,-21.4,-6.8,-23.4,-24.0,-20.0,-19.3,-35.4,-33.9
OK,3.5,15.0,9.2,14.5,-11.8,-23.7,-9.9,-23.6,-32.9,-37.7,-33.5,-32.9
WV,22.5,13.8,41.0,27.4,40.7,83.9,38.8,8.7,-3.6,-7.0,-25.4,-31.9
SC,25.6,-3.0,16.7,9.7,-19.2,-19.5,-17.9,-19.2,-9.6,-25.0,-17.5,-31.0
UT,-20.7,-48.5,-17.8,3.3,0.7,-38.7,-11.9,-16.2,-21.2,-24.2,-32.0,-29.2
KY,3.2,7.2,9.3,-12.6,-9.1,-14.0,-26.2,-8.2,-17.8,-20.0,-28.3,-28.8
TN,3.9,7.6,5.4,5.5,-3.1,-3.9,2.4,-3.7,-20.4,-23.7,-27.8,-27.5
MS,-5.8,5.4,10.4,55.7,24.5,8.7,3.8,-15.1,-2.2,-10.6,-15.8,-25.5
NE,-34.6,-67.2,-39.2,-12.3,-20.1,-55.4,-71.8,-19.5,-33.7,-22.4,-31.5,-24.3
IN,-3.9,-13.5,-8.0,3.0,-5.0,-6.1,-6.9,-8.5,-10.6,-15.0,-18.5,-18.2
MT,-7.6,-4.3,-1.8,-7.7,15.5,-6.3,-26.2,-27.5,-21.0,-8.5,-12.2,-18.1
MN,-4.2,-1.7,9.6,,,,,-34.3,-10.7,-43.9,,-18.1
MO,16.5,2.3,5.9,0.9,11.9,5.1,-2.0,-10.1,-14.6,-16.8,-20.3,-18.0
TX,9.4,20.4,5.1,1.4,-5.4,-4.9,-3.1,-16.1,-28.5,-21.9,-11.0,-17.4
FL,8.2,6.6,-2.3,-4.6,-10.4,4.6,-10.3,-22.8,-16.5,-4.9,-12.7,-15.8
WI,-2.5,-4.9,-7.5,-11.1,-15.5,-4.6,-6.9,-9.2,-3.6,1.6,0.2,-12.9
KS,-39.7,-19.4,-30.6,-5.9,-18.6,-22.0,-28.1,-18.2,-24.3,-19.7,-17.1,-11.2
AZ,-2.6,-25.6,-45.1,-35.3,-14.4,-14.4,-11.6,-17.6,-4.5,-10.0,-5.7,-10.5
OH,-15.9,-1.2,-10.9,-0.4,-9.9,-2.1,-7.7,-2.0,-4.9,-12.9,-12.2,-9.6
IA,-9.2,-6.7,-13.9,-4.7,-7.3,-21.4,-2.7,-10.3,-3.7,-0.7,-3.3,-9.3
PA,-6.2,-4.7,-2.9,-15.9,-1.7,-0.6,-9.3,5.2,3.3,-3.9,2.8,-1.9
GA,51.6,37.7,35.5,15.9,-0.6,-24.8,-8.5,-17.3,-16.6,-9.9,-12.0,-1.4
NC,11.0,-0.9,3.1,0.3,-5.8,-7.6,-4.3,-1.5,-1.7,-4.3,-9.5,-1.1
NV,40.9,-12.7,-15.0,-9.0,-13.7,-52.7,-20.9,-2.3,1.3,-11.2,-1.9,-0.2
AK,-19.9,-54.3,-25.9,-10.6,-18.5,-26.2,-55.7,-24.5,-31.5,-3.7,-14.1,2.9
MI,5.6,8.9,5.6,2.9,4.6,3.6,7.7,1.1,-1.1,8.9,0.5,5.6
VA,-19.1,-16.6,-2.4,16.7,-9.8,-0.0,-30.3,-20.1,-5.9,-7.8,6.5,6.9
OR,30.1,1.9,3.3,25.5,21.4,24.8,18.9,8.4,12.7,21.5,12.9,11.9
NH,-13.4,-26.8,-39.9,-9.4,-12.9,-18.5,-11.7,-2.4,0.3,10.3,3.7,13.2
NJ,2.1,1.7,-4.9,-11.0,-2.3,5.1,11.5,7.1,5.7,9.2,14.1,13.2
NM,8.1,-9.2,-17.4,-25.7,-8.4,-1.2,26.4,4.3,10.4,13.2,13.4,13.4
IL,-12.6,4.3,-2.5,3.2,4.6,0.8,9.1,8.5,11.5,10.0,14.8,15.7
DE,-26.0,-5.9,22.7,26.7,-36.9,-32.6,-39.3,-26.5,23.3,30.6,21.5,16.0
CO,-13.1,-15.9,-21.6,-5.1,-22.2,-12.0,-5.6,7.0,2.3,3.9,3.4,16.3
RI,4.3,-7.0,-25.3,-1.8,31.0,47.9,46.2,65.4,26.0,29.4,22.8,18.0
NY,1.2,2.6,3.1,2.7,12.2,17.7,14.2,29.9,30.6,24.6,31.8,18.4
CT,7.7,-3.3,1.2,-12.2,-1.2,8.3,11.0,14.1,23.4,25.7,15.0,18.8
WA,-3.0,-5.3,8.5,1.0,6.9,11.6,14.2,14.5,13.8,10.4,21.1,19.5
ME,-28.2,-28.5,-30.3,3.3,8.9,41.0,23.5,29.1,19.2,21.6,8.4,19.8
CA,-5.3,-9.1,-4.2,-3.5,7.1,9.6,13.9,10.1,17.4,23.1,26.2,30.5
MD,22.9,24.1,15.7,-2.3,7.0,11.6,15.7,26.2,31.4,23.4,26.4,33.6
HI,58.1,,6.0,22.7,37.9,39.8,39.7,22.7,34.6,39.6,46.0,40.6
VT,-68.1,-61.8,,-92.6,,,,1.5,40.9,42.1,38.0,41.7
MA,36.3,27.7,55.3,36.2,47.8,54.6,74.7,71.0,31.8,72.6,51.8,42.9
ND,-45.8,32.2,42.6,23.7,15.9,18.1,11.4,24.0,-2.7,,,
SD,-14.8,-8.9,8.3,28.4,32.5,-47.6,-1.3,33.0,4.8,-25.9,-32.7,
